Name,Price,Discount,Rating
Women Embroidered Straight Kurta Set,N/A,N/A,NA
Women Embroidered Flared Kurta Set,N/A,N/A,NA
Women Embroidered Flared Kurta Set,N/A,N/A,NA
Women Embroidered Straight Kurta Set,N/A,N/A,NA
Women Floral Straight Kurta Set,N/A,N/A,NA
Cotton Solid,N/A,N/A,NA
Women Embroidered Straight Kurta Set,N/A,N/A,NA
Women Embroidered A-Line Kurta Set with Dupatta,N/A,N/A,NA
Men Regular Fit Kurta & Pyjamas Set,N/A,N/A,NA
Women Embroidered Straight Kurta Set,N/A,N/A,NA
Women Floral Print Anarkali Kurta Suit Set,N/A,N/A,NA
Men Regular Fit Kurta & Churidar Set with Mandarin Collar,N/A,N/A,NA
Women Embroidered Straight Kurta Set,N/A,N/A,NA
Women Embroidered Straight Kurta with Pants & Dupatta,N/A,N/A,NA
Silk Solid,N/A,N/A,NA
Women Floral Embroidery Flared Kurta Set,N/A,N/A,NA
Women Embroidered Straight Kurta Set,N/A,N/A,NA
Women Floral Print Straight Kurta Set,N/A,N/A,NA
Women Embroidered Flared Kurta Set,N/A,N/A,NA
Women Printed Flared Kurta Set with Dupatta,N/A,N/A,NA
Floral Print Straight Kurta Suit Set,N/A,N/A,NA
Women Emebllished Printed Anarkali Kurta Set,N/A,N/A,NA
Women Straight Kurta Set,N/A,N/A,NA
Floral Print Straight Kurta & Sharara with Dupatta Set,N/A,N/A,NA
Women Floral Print Straight Kurta with Pants & Dupatta Set,N/A,N/A,NA
Women Printed Flared Kurta Suit Set,N/A,N/A,NA
Embroidered A-Line Kurta Suit Set,N/A,N/A,NA
Women Straight Kurta Suit Set,N/A,N/A,NA
Women Embroidered Flared Kurta Set,N/A,N/A,NA
Women Floral Print Straight Kurta with Pants & Dupatta,N/A,N/A,NA
Cotton Printed Flared Kurta Suit Set,N/A,N/A,NA
Women A-line Kurta with Pants & Dupatta,N/A,N/A,NA
Embroidered Kurta with Sharara and Dupatta,N/A,N/A,NA
Women Embroidered Straight Kurta Pants Set with Dupatta,N/A,N/A,NA
Women Floral A-Line Kurta Set,N/A,N/A,NA
Printed Kurta with Pants & Dupatta,N/A,N/A,NA
Women Embroidered Flared Kurta Set,N/A,N/A,NA
Women Floral Print Straight Kurta Set,N/A,N/A,NA
Round-Neck Full Sleeve Embroidered Kurta with Pants & Dupatta,N/A,N/A,NA
Women Embroidery Kurta Set,N/A,N/A,NA
Women Floral Anarkali Kurta Set,N/A,N/A,NA
Embroidered Kurta with Sharara and Dupatta,N/A,N/A,NA
Women Embellished Straight Kurta Set,N/A,N/A,NA
Women Embroidery Straight Kurta Set,N/A,N/A,NA
Embroidered Kurta with Sharara and Dupatta,N/A,N/A,NA
